Requirement ID,Requirement Text,Unit Test ID,Integration Test ID,EMVCo Test Case Ref,Evidence Artifact
KRN-REF-001,"Implementation SHALL comply with all normative references. In case of conflict, referenced standards prevail.",UT-REF-001,IT-REF-001,EMV-B1-001,conformance::tests::conformance_statement_json_is_deterministic_and_scoped; traceability_foundation::krn_ref_001_conformance_statement_declares_normative_hierarchy; traceability_foundation::rtm_promotes_reference_config_log_evidence
KRN-SEC-001,No issuer master key SHALL be stored or accessible inside the kernel.,UT-SEC-001,IT-SEC-001,N/A,traceability_foundation::krn_sec_001_002_sources_exclude_issuer_key_custody_and_cryptogram_generation; traceability_foundation::rtm_promotes_security_trust_boundary_evidence
KRN-SEC-002,"Kernel SHALL NOT generate ARQC, TC, or AAC; these cryptograms are returned by the card.",UT-SEC-002,IT-SEC-002,EMV-L2-ARQC-001,gac::tests::builds_online_authorization_package_without_generating_cryptograms; traceability_foundation::gac_parsing_uses_card_returned_cryptogram_for_online_handoff; traceability_foundation::krn_sec_001_002_sources_exclude_issuer_key_custody_and_cryptogram_generation; traceability_foundation::rtm_promotes_security_trust_boundary_evidence
KRN-SEC-003,CAPKs are public keys requiring integrity and authenticity but not confidentiality.,UT-SEC-003,IT-SEC-003,N/A,config::tests::rejects_certification_capk_checksum_mismatch_or_metadata_drift; traceability_foundation::krn_sec_003_oda_001_cert_profile_loader_rejects_capk_checksum_drift; traceability_foundation::krn_sec_003_oda_002_capks_retain_signed_public_provenance; traceability_foundation::rtm_promotes_security_trust_boundary_evidence
KRN-SEC-004,PIN processing SHALL follow certified integration model (Model A); kernel SHALL NOT access clear PIN.,UT-SEC-004,IT-SEC-004,PCI-PTS-PIN-001,cvm::tests::offline_pin_requires_ped_owned_opaque_handle; cvm::tests::offline_pin_debug_redacts_ped_handle_values; traceability_foundation::krn_pin_001_002_003_pinapi_001_002_cvmres_001_use_ped_owned_handles; traceability_foundation::rtm_promotes_security_trust_boundary_evidence
KRN-SEL-001,Kernel SHALL select PSE using exact contact APDU and PPSE using exact contactless APDU.,UT-SEL-001,IT-SEL-001,EMV-L2-SEL-001,apdu::tests::builds_exact_contact_pse_and_contactless_ppse_selects; selection::tests::extracts_candidate_aids_from_directory_fci; selection::tests::rejects_duplicate_adf_names_in_directory_entries; selection::tests::rejects_duplicate_adf_names_across_directory_entries; selection::tests::rejects_candidate_aid_lists_above_limit; selection::tests::partial_selection_preserves_card_adf_name_for_final_select; selection::tests::partial_selection_retains_all_matching_card_adf_names; selection::tests::rejects_duplicate_card_candidates_before_profile_matching; ffi::tests::runtime_partial_selection_uses_card_adf_name_for_select; traceability_foundation::krn_sel_001_exact_pse_ppse_apdus_are_stable; traceability_foundation::krn_sel_001_002_003_parses_candidates_and_matches_signed_profiles; ffi::tests::ffi_builds_select_into_caller_buffer
KRN-GPO-001,Kernel SHALL parse valid GPO response formats 77 and 80.,UT-GPO-001,IT-GPO-001,EMV-L2-GPO-001,gpo::tests::extracts_pdol_from_selected_application_fci; gpo::tests::rejects_duplicate_pdol_objects_in_selected_fci; gpo::tests::parses_gpo_template_77_with_aip_and_afl; gpo::tests::parses_gpo_template_80_with_aip_and_afl; gpo::tests::rejects_nested_or_duplicate_gpo_response_data; gpo::tests::rejects_constructed_gpo_response_children_even_with_mandatory_data; traceability_foundation::krn_gpo_001_002_extracts_pdol_and_parses_aip_afl_templates; traceability_foundation::rtm_promotes_gpo_and_read_record_evidence
KRN-GPO-002,Kernel SHALL extract AIP and AFL or fail with explicit missing mandatory tag.,UT-GPO-002,IT-GPO-002,EMV-L2-GPO-002,gpo::tests::extracts_pdol_from_selected_application_fci; gpo::tests::rejects_duplicate_pdol_objects_in_selected_fci; gpo::tests::rejects_gpo_without_mandatory_aip_afl; gpo::tests::rejects_nested_or_duplicate_gpo_response_data; gpo::tests::rejects_constructed_gpo_response_children_even_with_mandatory_data; traceability_foundation::krn_gpo_001_002_extracts_pdol_and_parses_aip_afl_templates; traceability_foundation::rtm_promotes_gpo_and_read_record_evidence
KRN-RR-001,Kernel SHALL validate SFI and record range before READ RECORD.,UT-RR-001,IT-RR-001,EMV-L2-RR-001,apdu::tests::validates_read_record_sfi; afl::tests::rejects_malformed_afl_entries; afl::tests::rejects_afl_sfi_bytes_with_nonzero_low_bits; afl::tests::accepts_maximum_afl_entry_count_without_overflow; afl::tests::rejects_afl_lists_above_entry_limit; afl::tests::rejects_record_plans_above_locator_limit; afl::tests::rejects_duplicate_afl_record_locators; traceability_foundation::krn_rr_001_002_003_reads_records_in_afl_order_and_stores_card_data; traceability_foundation::rtm_promotes_gpo_and_read_record_evidence
KRN-RR-002,Kernel SHALL encode READ RECORD P2 as (SFI << 3) | 0x04.,UT-RR-002,IT-RR-002,EMV-L2-RR-002,apdu::tests::validates_read_record_sfi; afl::tests::builds_read_record_commands_from_afl_order; afl::tests::rejects_duplicate_afl_record_locators; traceability_foundation::krn_rr_001_002_003_reads_records_in_afl_order_and_stores_card_data; traceability_foundation::rtm_promotes_gpo_and_read_record_evidence
KRN-RR-003,Kernel SHALL parse record templates into card data without unmasked sensitive logging.,UT-RR-003,IT-RR-003,EMV-L2-RR-003,record::tests::parses_record_template_into_card_data_store; record::tests::rejects_empty_or_malformed_record_templates; record::tests::rejects_unwrapped_or_extra_record_data; record::tests::rejects_duplicate_record_data_without_partial_store; record::tests::rejects_conflicting_record_data_rewrite_without_partial_store; record::tests::accepts_repeated_record_data_when_value_is_identical; record::tests::rejects_nested_record_data_without_partial_store; trace::tests::apdu_trace_debug_redacts_masked_payloads_for_crash_safety; traceability_foundation::krn_rr_001_002_003_reads_records_in_afl_order_and_stores_card_data; traceability_foundation::rtm_promotes_gpo_and_read_record_evidence
KRN-RR-004,Kernel SHALL reject inconsistent or malformed cardholder PAN data between tags 5A and 57 without partially updating the card data store.,UT-RR-004,IT-RR-004,EMV-L2-RR-004,record::tests::accepts_matching_pan_and_track2_without_unmasked_logging_dependency; record::tests::rejects_mismatched_pan_and_track2_without_partial_store; record::tests::rejects_conflicting_cardholder_data_rewrite_without_partial_store; record::tests::rejects_malformed_pan_or_track2_without_partial_store; traceability_foundation::rtm_promotes_gpo_and_read_record_evidence
KRN-TVR-001,Kernel SHALL use symbolic constants for TVR bits; raw hex SHALL NOT be used directly.,UT-TVR-001,IT-TVR-001,EMV-L2-TVR-001,state::tests::uses_symbolic_tvr_bits; traceability_foundation::bitmap_catalogue_defines_tvr_tsi_symbols_and_rfu_masks; traceability_foundation::implementation_uses_symbolic_bitmap_setters; traceability_foundation::rtm_promotes_tvr_and_cvm_table_evidence
KRN-TVR-002,Kernel SHALL clear TVR before each transaction.,UT-TVR-002,IT-TVR-002,EMV-L2-TVR-002,state::tests::tvr_starts_cleared_for_each_transaction; traceability_foundation::krn_tvr_001_002_tvr_is_symbolic_and_cleared; traceability_foundation::rtm_promotes_tvr_clearing_and_tsi_evidence
KRN-TVR-003,Kernel SHALL implement all RFU bits as reserved; SHALL NOT set them.,UT-TVR-003,IT-TVR-003,EMV-L2-TVR-003,state::tests::tvr_and_tsi_mutation_masks_rfu_bits; traceability_foundation::krn_tvr_003_tsi_001_state_bits_are_defined_and_rfu_safe; traceability_foundation::rtm_promotes_tvr_clearing_and_tsi_evidence
KRN-TSI-001,Kernel SHALL set TSI bits as defined.,UT-TSI-001,IT-TSI-001,EMV-L2-TSI-001,state::tests::tvr_and_tsi_mutation_masks_rfu_bits; traceability_foundation::krn_tvr_003_tsi_001_state_bits_are_defined_and_rfu_safe; traceability_foundation::tsi_bits_are_set_only_after_corresponding_processing; traceability_foundation::rtm_promotes_tvr_clearing_and_tsi_evidence
KRN-TERMCAP-001,Kernel SHALL accept Terminal Capabilities tag 9F33 through a stable ABI and use it in DOL data.,UT-TERMCAP-001,IT-TERMCAP-001,EMV-L2-TERM-001,traceability_foundation::krn_termcap_001_supplies_9f33_to_pdol_and_online_handoff; krn_emv_decode::tests::terminal_capabilities_output_names_standard_bits_and_flags_rfu; traceability_foundation::rtm_promotes_terminal_capability_and_ttq_evidence
KRN-TTQ-001,Kernel SHALL accept Terminal Transaction Qualifiers tag 9F66 through a stable ABI and use it in contactless DOL data.,UT-TTQ-001,IT-TTQ-001,EMV-C8-TTQ-001,traceability_foundation::krn_ttq_001_supplies_9f66_to_contactless_pdol_and_online_handoff; krn_emv_decode::tests::ttq_and_ctq_output_profile_defined_bitmaps; traceability_foundation::rtm_promotes_terminal_capability_and_ttq_evidence
KRN-CID-001,Kernel SHALL decode CID using mask 0xC0 and mapping.,UT-CID-001,IT-CID-001,EMV-L2-CID-001,cid::tests::decodes_cryptogram_type_with_0xc0_mask; krn_emv_decode::tests::cid_output_masks_type_bits_and_preserves_advice_fields; traceability_foundation::krn_cid_001_002_decodes_type_and_preserves_non_type_bits
KRN-CVM-001,"Kernel SHALL parse CVM List, evaluate condition codes, enforce amount limits.",UT-CVM-001,IT-CVM-001,EMV-L2-CVM-001,cvm::tests::parses_cvm_list_amounts_and_certified_method_codes; cvm::tests::rejects_cvm_lists_above_rule_limit; cvm::tests::amount_conditions_are_enforced; cvm::tests::terminal_support_condition_matches_candidate_cvm_capability; cvm::tests::transaction_type_conditions_select_only_matching_rules; ffi::tests::cvm_transaction_type_uses_terminal_and_transaction_tags; cvm::tests::continue_on_failure_skips_to_next_matching_cvm_rule; cvm::tests::offline_pin_and_signature_selects_composite_actions; krn_emv_decode::tests::cvm_list_output_names_rules_without_handles; traceability_foundation::krn_cvm_001_002_003_and_sec_004_use_cvm_table_without_clear_pin; traceability_foundation::rtm_promotes_cvm_outcome_evidence
KRN-CVM-002,Kernel SHALL set TVR byte 3 bits based on CVM outcome.,UT-CVM-002,IT-CVM-002,EMV-L2-CVM-002,cvm::tests::offline_pin_requires_ped_owned_opaque_handle; cvm::tests::offline_pin_verify_status_updates_cvm_results_and_tvr_bits; cvm::tests::unrecognized_cvm_sets_tvr_even_when_next_rule_succeeds; cvm::tests::pin_cvm_unavailable_sets_specific_tvr_bits; ffi::tests::cvm_processing_persists_unrecognized_tvr_on_later_success; ffi::tests::cvm_processing_persists_missing_pin_pad_tvr_on_later_success; ffi::tests::cvm_processing_persists_pin_not_entered_tvr_when_handle_missing; traceability_foundation::krn_cvm_001_002_003_and_sec_004_use_cvm_table_without_clear_pin; traceability_foundation::rtm_promotes_cvm_outcome_evidence
KRN-CVM-003,Kernel SHALL use the certified CVM code table.,UT-CVM-003,IT-CVM-003,EMV-L2-CVM-003,cvm::tests::maps_certified_cvm_method_code_table_and_masks_continue_bit; cvm::tests::parses_cvm_list_amounts_and_certified_method_codes; traceability_foundation::krn_cvm_001_002_003_and_sec_004_use_cvm_table_without_clear_pin; traceability_foundation::contactless_cdcvm_is_not_hardcoded_to_cvm_code_0x05; traceability_foundation::rtm_promotes_tvr_and_cvm_table_evidence
KRN-CVMCAP-001,Kernel SHALL accept terminal and PED CVM capabilities through a stable ABI.,UT-CVMCAP-001,IT-CVMCAP-001,EMV-L2-CVM-004,traceability_foundation::krn_cvmcap_001_uses_terminal_cvm_capabilities_from_abi; ffi::tests::offline_pin_capability_is_separate_from_ped_handle; cvm::tests::terminal_support_condition_matches_candidate_cvm_capability; cvm::tests::continue_on_failure_skips_to_next_matching_cvm_rule; traceability_foundation::rtm_promotes_cvm_pin_capability_evidence
KRN-CVMRES-001,Kernel SHALL store CVM Results as tag 9F34 with three EMV result bytes.,UT-CVMRES-001,IT-CVMRES-001,EMV-L2-CVM-003,traceability_foundation::krn_pin_001_002_003_pinapi_001_002_cvmres_001_use_ped_owned_handles; cvm::tests::offline_pin_verify_status_updates_cvm_results_and_tvr_bits; traceability_foundation::krn_pin_004_verify_63cx_updates_try_counter_tvr_and_cvm_results; traceability_foundation::rtm_promotes_cvm_pin_capability_evidence
KRN-PIN-001,Kernel SHALL distinguish offline plaintext offline enciphered and online PIN methods.,UT-PIN-001,IT-PIN-001,PCI-PTS-PIN-003,cvm::tests::maps_certified_cvm_method_code_table_and_masks_continue_bit; cvm::tests::offline_pin_requires_ped_owned_opaque_handle; cvm::tests::offline_pin_and_signature_selects_composite_actions; traceability_foundation::krn_pin_001_002_003_pinapi_001_002_cvmres_001_use_ped_owned_handles; traceability_foundation::rtm_promotes_cvm_pin_capability_evidence
KRN-PIN-002,Kernel SHALL NOT expose clear PIN values in kernel memory.,UT-PIN-002,IT-PIN-002,PCI-PTS-PIN-004,cvm::tests::offline_pin_requires_ped_owned_opaque_handle; cvm::tests::offline_pin_debug_redacts_ped_handle_values; trace::tests::replay_rejects_pin_verify_payload_custody; traceability_foundation::rtm_promotes_cvm_pin_capability_evidence
KRN-PIN-003,Kernel SHALL delegate PIN block construction to the PED or secure PIN module.,UT-PIN-003,IT-PIN-003,PCI-PTS-PIN-005,cvm::tests::offline_pin_requires_ped_owned_opaque_handle; traceability_foundation::krn_pin_001_002_003_pinapi_001_002_cvmres_001_use_ped_owned_handles; traceability_foundation::rtm_promotes_cvm_pin_capability_evidence
KRN-GAC-008,"Kernel SHALL encode P1 for GENERATE AC using constants 0x00, 0x40, 0x80.",UT-GAC-001,IT-GAC-001,EMV-L2-GAC-001,apdu::tests::encodes_generate_ac_type_bits_without_cda_collision; traceability_foundation::krn_gac_008_009_cda_control_never_changes_type_bits; traceability_foundation::rtm_promotes_legacy_gac_cda_control_evidence
KRN-GAC-009,"If CDA supported and enabled, kernel SHALL set CDA request bit per scheme profile.",UT-GAC-002,IT-GAC-002,EMV-L2-CDA-001,apdu::tests::encodes_generate_ac_type_bits_without_cda_collision; config::tests::cda_request_encoding_is_profile_defined_and_non_colliding; config::tests::rejects_inconsistent_cda_profile_controls; ffi::tests::first_gac_cda_request_control_is_profile_defined; traceability_foundation::krn_gac_008_009_cda_control_never_changes_type_bits; traceability_foundation::rtm_promotes_legacy_gac_cda_control_evidence
KRN-GAC-010,Kernel SHALL treat CDA request encoding as profile-defined and unsupported when absent.,UT-GAC-003,IT-GAC-003,EMV-L2-CDA-002,config::tests::cda_request_encoding_is_profile_defined_and_non_colliding; config::tests::rejects_inconsistent_cda_profile_controls; ffi::tests::first_gac_cda_request_control_is_profile_defined; traceability_foundation::krn_gac_010_cda_request_is_profile_defined_or_unsupported; traceability_foundation::rtm_promotes_legacy_gac_cda_control_evidence
KRN-TAA-004,Kernel SHALL fetch IACs from card; missing tags use signed profile fallback values.,UT-TAA-004,IT-TAA-004,EMV-L2-TAA-001,config::tests::loads_profile_issuer_action_code_fallbacks; taa::tests::iac_values_participate_in_denial_online_and_default_decisions; ffi::tests::taa_offline_final_state_finishes_from_s16; ffi::tests::taa_uses_profile_iac_fallbacks_when_card_omits_iacs; ffi::tests::card_iac_tags_override_profile_fallbacks; traceability_foundation::krn_taa_001_002_003_004_005_006_007_uses_iac_tac_order_and_profile_fallbacks
KRN-TAA-005,Kernel SHALL fetch TACs from signed configuration.,UT-TAA-005,IT-TAA-005,EMV-L2-TAA-002,traceability_foundation::profile_loader_requires_verified_signature_and_extracts_capk_tac_limits; taa::tests::online_action_codes_request_arqc_when_online_capable; traceability_foundation::krn_taa_001_002_003_004_005_006_007_uses_iac_tac_order_and_profile_fallbacks
KRN-TAA-006,Kernel SHALL evaluate TAA decision steps in exact order; fallback policy explicitly configured.,UT-TAA-006,IT-TAA-006,EMV-L2-TAA-003,taa::tests::denial_action_codes_take_precedence; taa::tests::online_action_codes_request_arqc_when_online_capable; taa::tests::default_action_codes_are_ignored_while_online_capable; ffi::tests::taa_uses_terminal_type_online_capability; traceability_foundation::krn_taa_001_002_003_004_005_006_007_uses_iac_tac_order_and_profile_fallbacks
KRN-TAA-007,Kernel SHALL use deterministic profile fallback policy for TAA no-match/default cases.,UT-TAA-007,IT-TAA-007,EMV-L2-TAA-004,traceability_foundation::scheme_profile_annex_contains_deterministic_taa_keys; taa::tests::offline_unable_default_match_uses_profile_fallback; taa::tests::default_action_codes_are_ignored_while_online_capable; taa::tests::no_match_defaults_are_profile_driven; traceability_foundation::krn_taa_001_002_003_004_005_006_007_uses_iac_tac_order_and_profile_fallbacks
KRN-APDU-009,Kernel SHALL implement state-specific handling for all SW codes in full state machine.,UT-APDU-001,IT-APDU-001,EMV-L2-APDU-001,sw::tests::select_status_words_are_state_specific; sw::tests::same_non_9000_status_words_are_context_specific; traceability_foundation::krn_apdu_009_010_status_handling_is_context_specific; traceability_foundation::rtm_promotes_apdu_status_word_evidence
KRN-APDU-010,Kernel SHALL NOT treat all non-9000 responses as generic errors.,UT-APDU-002,IT-APDU-002,EMV-L2-APDU-002,sw::tests::handles_success_and_transport_followups_before_context_rules; ffi::tests::runtime_core_flow_resolves_gpo_record_and_gac_followups; ffi::tests::issuer_authentication_resolves_get_response_followup; ffi::tests::transmit_apdu_followups_rejects_chains_above_limit; sw::tests::read_record_status_words_continue_or_end_without_generic_failure; sw::tests::verify_and_script_status_words_keep_their_own_meaning; sw::tests::same_non_9000_status_words_are_context_specific; traceability_foundation::krn_apdu_009_010_status_handling_is_context_specific; traceability_foundation::rtm_promotes_apdu_status_word_evidence
KRN-ODA-001,Kernel SHALL verify CAPK hash before use; if invalid treat as missing.,UT-ODA-001,IT-ODA-001,EMV-L2-ODA-001,config::tests::rejects_certification_capk_checksum_mismatch_or_metadata_drift; traceability_foundation::krn_sec_003_oda_001_cert_profile_loader_rejects_capk_checksum_drift; traceability_foundation::krn_capk_001_002_lookup_requires_verified_profile_integrity; traceability_foundation::rtm_promotes_oda_capk_tvr_cda_evidence
KRN-ODA-002,CAPKs require integrity and authenticity; confidentiality not required.,UT-ODA-002,IT-ODA-002,N/A,traceability_foundation::krn_sec_003_oda_002_capks_retain_signed_public_provenance; config::tests::loads_profile_annex_when_signature_is_verified; traceability_foundation::profile_loader_requires_verified_signature_and_extracts_capk_tac_limits; traceability_foundation::rtm_promotes_oda_capk_tvr_cda_evidence
KRN-ODA-003,"If issuer public key certificate recovery fails, set appropriate TVR bit and continue to TAA.",UT-ODA-003,IT-ODA-003,EMV-L2-ODA-003,traceability_foundation::krn_oda_003_004_certificate_recovery_failures_set_tvr; oda::tests::rejects_public_key_material_above_resource_limits; traceability_foundation::krn_oda_003_004_public_key_inputs_require_certificates_exponents_and_remainders; traceability_foundation::krn_oda_002_003_004_recovered_certificates_reconstruct_public_key_material; traceability_foundation::rtm_promotes_oda_capk_tvr_cda_evidence
KRN-ODA-004,"If ICC public key certificate recovery fails, set DDA or CDA failure TVR bit.",UT-ODA-004,IT-ODA-004,EMV-L2-ODA-004,traceability_foundation::krn_oda_003_004_certificate_recovery_failures_set_tvr; oda::tests::rejects_public_key_material_above_resource_limits; traceability_foundation::krn_oda_003_004_public_key_inputs_require_certificates_exponents_and_remainders; traceability_foundation::krn_oda_002_003_004_recovered_certificates_reconstruct_public_key_material; traceability_foundation::rtm_promotes_oda_capk_tvr_cda_evidence
KRN-ODA-005,SDA failure sets TVR_B1_SDA_FAILED.,UT-ODA-005,IT-ODA-005,EMV-L2-SDA-001,ffi::tests::runtime_oda_maps_bad_sda_signature_to_tvr_failure; oda::tests::rejects_malformed_static_authentication_tag_list; oda::tests::rejects_static_authentication_tag_lists_above_limit; oda::tests::rejects_static_authentication_data_above_aggregate_limit; traceability_foundation::krn_oda_001_005_006_007_selects_method_and_sets_tvr_tsi_without_cda_fallback; traceability_foundation::krn_oda_005_static_authentication_data_uses_afl_order_and_tag_list; traceability_foundation::krn_oda_005_006_007_recovers_and_verifies_signed_application_data; traceability_foundation::rtm_promotes_oda_capk_tvr_cda_evidence
KRN-ODA-006,DDA failure sets TVR_B1_DDA_FAILED.,UT-ODA-006,IT-ODA-006,EMV-L2-DDA-001,ffi::tests::runtime_oda_maps_bad_dda_signature_to_tvr_failure; traceability_foundation::krn_dda_002_oda_006_requires_signed_dynamic_application_data; traceability_foundation::krn_oda_005_006_007_recovers_and_verifies_signed_application_data; traceability_foundation::rtm_promotes_dda_internal_authenticate_evidence; traceability_foundation::rtm_promotes_oda_capk_tvr_cda_evidence
KRN-ODA-007,"CDA failure sets TVR_B1_CDA_FAILED; if CDA supported and fails, SHALL NOT fall back to DDA.",UT-ODA-007,IT-ODA-007,EMV-L2-CDA-002,ffi::tests::runtime_cda_failure_sets_tvr_without_falling_back_to_dda; ffi::tests::runtime_cda_missing_signed_dynamic_data_sets_tvr_for_online_handoff; oda::tests::selects_strongest_allowed_oda_method_without_fallback_after_cda_failure; traceability_foundation::krn_oda_001_005_006_007_selects_method_and_sets_tvr_tsi_without_cda_fallback; traceability_foundation::krn_oda_005_006_007_recovers_and_verifies_signed_application_data; traceability_foundation::rtm_promotes_oda_capk_tvr_cda_evidence
KRN-ODA-008,Kernel SHALL verify CDA signed dynamic data against the first GENERATE AC cryptogram using profile-defined rules.,UT-ODA-008,IT-ODA-008,EMV-L2-CDA-003,gac::tests::rejects_malformed_dynamic_authentication_data_in_gac_response; ffi::tests::runtime_cda_verifies_first_gac_signed_dynamic_data; ffi::tests::runtime_cda_missing_signed_dynamic_data_sets_tvr_for_online_handoff; traceability_foundation::krn_oda_005_006_007_recovers_and_verifies_signed_application_data; oda::tests::validates_complete_vector_syntax_and_rejects_placeholders; traceability_foundation::krn_odatv_001_rejects_placeholder_oda_annex_in_certification_mode; traceability_foundation::rtm_promotes_oda_capk_tvr_cda_evidence
KRN-DDA-001,Kernel SHALL use INTERNAL AUTHENTICATE only for DDA where the AIP card data and profile require or allow it.,UT-DDA-001,IT-DDA-001,EMV-L2-DDA-002,apdu::tests::builds_internal_authenticate_from_ddol_values; ffi::tests::runtime_oda_executes_dda_internal_authenticate_success; traceability_foundation::krn_dda_001_internal_authenticate_uses_ddol_values; traceability_foundation::rtm_promotes_dda_internal_authenticate_evidence
KRN-DDA-002,Kernel SHALL verify signed dynamic application data using the recovered ICC public key.,UT-DDA-002,IT-DDA-002,EMV-L2-DDA-003,oda::tests::recovers_parses_and_verifies_signed_application_data; oda::tests::rejects_internal_authenticate_without_response_template; oda::tests::rejects_nested_or_duplicate_internal_authenticate_data; oda::tests::rejects_empty_internal_authenticate_icc_dynamic_number; ffi::tests::runtime_oda_executes_dda_internal_authenticate_success; ffi::tests::runtime_oda_maps_bad_dda_signature_to_tvr_failure; traceability_foundation::krn_dda_002_oda_006_requires_signed_dynamic_application_data; traceability_foundation::rtm_promotes_dda_internal_authenticate_evidence
KRN-ODATV-001,Kernel SHALL reject ODA certification vectors containing placeholders truncated cryptographic material non-hex characters or missing expected outputs.,UT-ODATV-001,IT-ODATV-001,N/A,oda::tests::certification_vector_coverage_is_method_specific; oda::tests::validates_complete_vector_syntax_and_rejects_placeholders; traceability_foundation::krn_odatv_001_rejects_placeholder_oda_annex_in_certification_mode
KRN-IAUTH-001,Kernel SHALL process tag 91 issuer authentication data.,UT-IAUTH-001,IT-IAUTH-001,EMV-L2-IAUTH-001,apdu::tests::builds_external_authenticate_for_issuer_authentication_data; issuer::tests::parses_arpc_arc_and_issuer_scripts; issuer::tests::rejects_host_response_without_authorization_response_code; issuer::tests::rejects_nested_or_duplicate_host_response_auth_objects; ffi::tests::issuer_authentication_failure_sets_tvr_and_reaches_scripts; ffi::tests::issuer_authentication_resolves_get_response_followup; traceability_foundation::rtm_promotes_issuer_authentication_and_final_gac_evidence
KRN-IAUTH-002,Kernel SHALL set TSI only when issuer authentication is attempted.,UT-IAUTH-002,IT-IAUTH-002,EMV-L2-IAUTH-002,ffi::tests::issuer_authentication_failure_sets_tvr_and_reaches_scripts; traceability_foundation::rtm_promotes_issuer_authentication_and_final_gac_evidence
KRN-IAUTH-003,Kernel SHALL set TVR issuer authentication failed on card failure.,UT-IAUTH-003,IT-IAUTH-003,EMV-L2-IAUTH-003,ffi::tests::issuer_authentication_failure_sets_tvr_and_reaches_scripts; traceability_foundation::rtm_promotes_issuer_authentication_and_final_gac_evidence
KRN-GAC2-001,Kernel SHALL construct CDOL2 from card profile data and host response data.,UT-GAC2-001,IT-GAC2-001,EMV-L2-GAC2-001,ffi::tests::final_generate_ac_builds_cdol2_from_host_response_and_state; ffi::tests::final_generate_ac_uses_authorization_code_from_applied_host_response; ffi::tests::final_gac_rejects_missing_cdol2_source_without_zero_padding; record::tests::rejects_host_response_record_tags_atomically; traceability_foundation::rtm_promotes_issuer_authentication_and_final_gac_evidence
KRN-GAC2-002,Kernel SHALL include issuer authentication or authorization response data where required by CDOL2.,UT-GAC2-002,IT-GAC2-002,EMV-L2-GAC2-002,issuer::tests::rejects_nested_or_duplicate_host_response_auth_objects; ffi::tests::final_generate_ac_builds_cdol2_from_host_response_and_state; ffi::tests::final_generate_ac_uses_authorization_code_from_applied_host_response; ffi::tests::final_gac_rejects_missing_cdol2_source_without_zero_padding; record::tests::rejects_host_response_record_tags_atomically; traceability_foundation::rtm_promotes_issuer_authentication_and_final_gac_evidence
KRN-GAC2-003,Kernel SHALL issue second GENERATE AC where required after online authorization.,UT-GAC2-003,IT-GAC2-003,EMV-L2-GAC2-003,ffi::tests::final_generate_ac_builds_cdol2_from_host_response_and_state; traceability_foundation::rtm_promotes_issuer_authentication_and_final_gac_evidence
KRN-GAC2-004,Kernel SHALL treat final TC as approval and final AAC as decline.,UT-GAC2-004,IT-GAC2-004,EMV-L2-GAC2-004,ffi::tests::final_generate_ac_builds_cdol2_from_host_response_and_state; ffi::tests::krn_gac2_004_final_generate_ac_skipped_without_cdol2_honors_host_arc; traceability_foundation::rtm_promotes_issuer_authentication_and_final_gac_evidence
KRN-SCR-001,Kernel SHALL validate issuer script template structure.,UT-SCR-001,IT-SCR-001,EMV-L2-SCR-001,issuer::tests::parses_arpc_arc_and_issuer_scripts; issuer::tests::rejects_script_templates_without_commands; issuer::tests::rejects_malformed_issuer_script_identifier_lengths; issuer::tests::rejects_malformed_issuer_script_command_apdus; issuer::tests::rejects_issuer_script_commands_above_length_limit; issuer::tests::rejects_nested_or_duplicate_issuer_script_objects; issuer::tests::rejects_cumulative_issuer_script_command_overflow; traceability_foundation::host_response_extracts_arpc_and_phase_specific_script_results; traceability_foundation::rtm_promotes_issuer_script_evidence
KRN-SCR-002,Kernel SHALL execute issuer script commands in order.,UT-SCR-002,IT-SCR-002,EMV-L2-SCR-002,ffi::tests::issuer_script_noncritical_failure_sets_phase_tvr_and_reaches_final; ffi::tests::post_final_issuer_script_failure_sets_after_final_tvr_and_completes; ffi::tests::critical_issuer_script_warning_continues_and_reports_results; ffi::tests::critical_issuer_script_failure_stops_remaining_commands; ffi::tests::issuer_script_apdus_resolve_get_response_and_retry_le; traceability_foundation::rtm_promotes_issuer_script_evidence
KRN-SCR-003,Kernel SHALL capture issuer script command SW1/SW2.,UT-SCR-003,IT-SCR-003,EMV-L2-SCR-003,ffi::tests::issuer_script_noncritical_failure_sets_phase_tvr_and_reaches_final; ffi::tests::post_final_issuer_script_failure_sets_after_final_tvr_and_completes; ffi::tests::critical_issuer_script_warning_continues_and_reports_results; ffi::tests::critical_issuer_script_failure_records_results_and_enters_error; ffi::tests::critical_issuer_script_failure_stops_remaining_commands; traceability_foundation::rtm_promotes_issuer_script_evidence
KRN-SCR-004,Kernel SHALL set before-final-GAC script failure TVR bit.,UT-SCR-004,IT-SCR-004,EMV-L2-SCR-004,issuer::tests::script_results_set_phase_specific_tvr_bits_and_tsi; ffi::tests::issuer_script_noncritical_failure_sets_phase_tvr_and_reaches_final; traceability_foundation::host_response_extracts_arpc_and_phase_specific_script_results; traceability_foundation::rtm_promotes_issuer_script_evidence
KRN-SCR-005,Kernel SHALL set after-final-GAC script failure TVR bit.,UT-SCR-005,IT-SCR-005,EMV-L2-SCR-005,issuer::tests::script_results_set_phase_specific_tvr_bits_and_tsi; ffi::tests::post_final_issuer_script_failure_sets_after_final_tvr_and_completes; ffi::tests::critical_issuer_script_warning_continues_and_reports_results; ffi::tests::critical_issuer_script_failure_records_results_and_enters_error; ffi::tests::critical_issuer_script_failure_stops_remaining_commands; traceability_foundation::rtm_promotes_issuer_script_evidence
KRN-SCR-006,Kernel SHALL report issuer script SW1/SW2 results to Level 3 for host reporting.,UT-SCR-006,IT-SCR-006,EMV-L2-SCR-006,ffi::tests::ffi_init_validates_runtime_callbacks_and_reaches_online_after_first_gac; ffi::tests::issuer_script_noncritical_failure_sets_phase_tvr_and_reaches_final; ffi::tests::post_final_issuer_script_failure_sets_after_final_tvr_and_completes; ffi::tests::critical_issuer_script_warning_continues_and_reports_results; ffi::tests::critical_issuer_script_failure_stops_remaining_commands; traceability_foundation::tlv_catalogue_contains_required_foundation_tags; traceability_foundation::rtm_promotes_issuer_script_evidence
KRN-C8-001,Kernel SHALL implement C-8 unified kernel for contactless transactions.,UT-C8-001,IT-C8-001,EMV-C8-001,traceability_foundation::krn_c8_001_002_003_uses_structured_contactless_only_outcomes; c8::tests::outcome_model_preserves_structured_records_for_callback; c8::tests::outcome_model_bounds_records_and_alternate_interface_instruction; c8::tests::outcome_model_rejects_inconsistent_c8_instruction_tuples; traceability_foundation::rtm_promotes_c8_kernel_outcome_evidence
KRN-C8-002,Kernel SHALL return outcome parameters via contactless_outcome() callback.,UT-C8-002,IT-C8-002,EMV-C8-002,c8::tests::outcome_model_preserves_structured_records_for_callback; c8::tests::outcome_model_bounds_records_and_alternate_interface_instruction; c8::tests::outcome_model_rejects_inconsistent_c8_instruction_tuples; ffi::tests::ffi_emits_structured_contactless_outcome_callback; ffi::tests::ffi_rejects_inconsistent_contactless_outcome_tuples; traceability_foundation::krn_c8_001_002_003_uses_structured_contactless_only_outcomes; traceability_foundation::rtm_promotes_c8_kernel_outcome_evidence
KRN-C8-003,Kernel SHALL NOT treat C-8 as contact kernel replacement.,UT-C8-003,IT-C8-003,N/A,traceability_foundation::krn_c8_001_002_003_uses_structured_contactless_only_outcomes; ffi::tests::selected_kernel_mapping_is_interface_specific; config::tests::rejects_contact_kernel_type_that_reuses_c8; config::tests::rejects_invalid_interface_kernel_mapping_and_duplicate_interfaces; traceability_foundation::rtm_promotes_c8_kernel_outcome_evidence
KRN-CFG-004,Kernel SHALL reject example-only profiles from certification or production loading.,UT-CFG-004,IT-CFG-004,N/A,config::tests::rejects_example_profile_in_certification_or_production_mode; traceability_foundation::profile_loader_rejects_example_only_profiles_for_certification_policy; traceability_foundation::certification_package_rejects_illustrative_profiles_and_placeholder_vectors; traceability_foundation::rtm_promotes_reference_config_log_evidence
KRN-API-004,Kernel SHALL NOT be re-entrant; caller SHALL serialise calls.,UT-API-001,IT-API-001,N/A,ffi::tests::krn_api_004_rejects_reentrant_mutating_entrypoints; traceability_foundation::krn_api_001_002_004_006_runtime_callbacks_are_versioned_and_bounded; traceability_foundation::rtm_promotes_api_error_boundary_evidence
KRN-API-005,Buffers passed to callbacks are owned by caller; kernel SHALL NOT free them.,UT-API-002,IT-API-002,N/A,traceability_foundation::krn_api_005_caller_owned_output_buffers_are_probeable_and_not_partially_written; ffi::tests::ffi_builds_select_into_caller_buffer; ffi::tests::ffi_reports_buffer_size_without_writing; ffi::tests::ffi_write_output_handles_empty_outputs_without_buffer; traceability_foundation::rtm_promotes_api_abi_and_callback_validation_evidence
KRN-API-006,Kernel SHALL provide bounded callback timeouts for APDU transport and terminal integration callbacks.,UT-API-003,IT-API-003,N/A,traceability_foundation::krn_api_001_002_004_006_runtime_callbacks_are_versioned_and_bounded; traceability_foundation::krn_api_006_007_run_transaction_entrypoint_errors_without_runtime_callbacks; traceability_foundation::krn_api_007_err_002_preserves_callback_error_codes_fail_closed; krn_cabi_script_adapter::tests::script_adapter_drives_contact_transaction_to_online_request; krn_cabi_script_adapter::tests::script_adapter_fails_closed_on_unexpected_apdu; traceability_foundation::rtm_promotes_api_error_boundary_evidence
KRN-API-007,Kernel SHALL return stable error codes retrievable after terminal outcome.,UT-API-004,IT-API-004,N/A,traceability_foundation::krn_api_006_007_run_transaction_entrypoint_errors_without_runtime_callbacks; traceability_foundation::krn_api_007_err_002_preserves_callback_error_codes_fail_closed; traceability_foundation::krn_err_001_exposes_stable_abi_error_table; traceability_foundation::rtm_promotes_api_error_boundary_evidence
KRN-PINAPI-001,PED API SHALL return status and secure handles only.,UT-PINAPI-001,IT-PINAPI-001,PCI-PTS-PIN-006,cvm::tests::offline_pin_requires_ped_owned_opaque_handle; cvm::tests::offline_pin_debug_redacts_ped_handle_values; traceability_foundation::krn_pin_001_002_003_pinapi_001_002_cvmres_001_use_ped_owned_handles; traceability_foundation::rtm_promotes_ped_handle_boundary_evidence
KRN-PINAPI-002,Online PIN encrypted blocks SHALL NOT be copied into general kernel memory.,UT-PINAPI-002,IT-PINAPI-002,PCI-PTS-PIN-007,cvm::tests::offline_pin_debug_redacts_ped_handle_values; trace::tests::replay_rejects_pin_verify_payload_custody; traceability_foundation::krn_pin_001_002_003_pinapi_001_002_cvmres_001_use_ped_owned_handles; traceability_foundation::rtm_promotes_cvm_pin_capability_evidence
KRN-LOG-001,Kernel SHALL enforce formal log policy; production builds SHALL NOT include debug logging that can be enabled without cryptographic authorisation.,UT-LOG-001,IT-LOG-001,PCI-PTS-LOG-001,traceability_foundation::krn_log_001_masks_sensitive_tlv_and_gac_trace_values; traceability_foundation::krn_log_001_exposes_masked_apdu_trace_json_via_abi; trace::tests::production_suppresses_profile_defined_issuer_application_data; trace::tests::production_policy_never_emits_full_apdu_data_even_if_misconfigured; traceability_foundation::rtm_promotes_logging_policy_evidence; traceability_foundation::rtm_promotes_reference_config_log_evidence
KRN-RNG-001,Kernel SHALL obtain unpredictable numbers from an approved platform RNG callback.,UT-RNG-001,IT-RNG-001,N/A,traceability_foundation::krn_rng_001_002_rejects_zero_and_repeated_unpredictable_numbers; traceability_foundation::rtm_promotes_rng_callback_evidence
KRN-RNG-002,"Kernel SHALL reject all-zero, all-FF, or repeated unpredictable numbers.",UT-RNG-002,IT-RNG-002,N/A,traceability_foundation::krn_rng_001_002_rejects_zero_and_repeated_unpredictable_numbers; traceability_foundation::krn_err_001_exposes_stable_abi_error_table; traceability_foundation::rtm_promotes_rng_callback_evidence
KRN-ERR-001,Kernel SHALL define every error code in a stable ABI table.,UT-ERR-001,IT-ERR-001,N/A,traceability_foundation::krn_err_001_exposes_stable_abi_error_table; ffi::tests::ffi_exposes_stable_error_table; traceability_foundation::rtm_promotes_api_error_boundary_evidence
KRN-ERR-002,Kernel SHALL fail closed where standards or profile do not explicitly permit continuation.,UT-ERR-002,IT-ERR-002,N/A,traceability_foundation::krn_api_007_err_002_preserves_callback_error_codes_fail_closed; fsm::tests::asynchronous_failures_are_explicit_error_transitions; traceability_foundation::rtm_promotes_api_error_boundary_evidence
KRN-DPL-001,Kernel SHALL support signed configuration updates.,UT-DPL-001,IT-DPL-001,N/A,config::tests::loads_profile_annex_when_signature_is_verified; config::tests::rejects_unsigned_certification_profile_rollback_and_replay; traceability_foundation::krn_dpl_001_002_003_profile_updates_are_monotonic_and_atomic; traceability_foundation::rtm_promotes_deployment_profile_update_evidence
KRN-DPL-002,Kernel SHALL reject rollback or replayed configuration versions.,UT-DPL-002,IT-DPL-002,N/A,config::tests::rejects_unsigned_certification_profile_rollback_and_replay; traceability_foundation::profile_loader_rejects_rollback_placeholders_and_expired_capks; traceability_foundation::krn_dpl_001_002_003_profile_updates_are_monotonic_and_atomic; traceability_foundation::rtm_promotes_deployment_profile_update_evidence
KRN-DPL-003,Kernel SHALL apply configuration updates atomically.,UT-DPL-003,IT-DPL-003,N/A,traceability_foundation::krn_dpl_001_002_003_profile_updates_are_monotonic_and_atomic; traceability_foundation::rtm_promotes_deployment_profile_update_evidence
KRN-DPL-004,Kernel SHALL retain versioned configuration identity in transaction logs.,UT-DPL-004,IT-DPL-004,N/A,ffi::tests::ffi_reports_loaded_profile_version_for_log_identity; trace::tests::replay_trace_identity_records_profile_version_without_unmasking_data; traceability_foundation::deterministic_replay_matches_script_order_and_emits_masked_jsonl; traceability_foundation::prelab_apdu_trace_pack_is_replayable_masked_and_scoped; traceability_foundation::rtm_promotes_deployment_profile_update_evidence
KRN-CERT-003,Kernel SHALL achieve EMVCo Level 2 certification for each claimed scheme and interface.,N/A,N/A,All EMVCo L2 test cases,Lab submission pack + LoA
KRN-CERT-004,Kernel SHOULD pass third-party penetration test on APDU injection and state machine bypass.,UT-PEN-001,IT-PEN-001,N/A,traceability_foundation::krn_cert_004_penetration_rejects_apdu_injection_and_state_bypass; trace::tests::replay_rejects_structurally_invalid_command_apdus; traceability_foundation::rtm_promotes_certification_evidence_boundaries; external third-party security assessment
KRN-ANNEX-001,SHALL pass automated schema validation before release.,UT-ANNEX-TRACE,IT-ANNEX-TRACE,N/A,fsm::tests::validates_machine_readable_state_annex; fsm::tests::rejects_state_machine_annex_schema_and_semantic_drift; traceability_foundation::rtm_promotes_state_machine_annex_validation_evidence
KRN-ANNEX-002,"SHALL not contain semantic contradictions such as next_state = SE with an action saying ""jump to TAA.""",UT-ANNEX-TRACE,IT-ANNEX-TRACE,N/A,fsm::tests::validates_machine_readable_state_annex; fsm::tests::rejects_state_machine_annex_schema_and_semantic_drift; fsm::tests::host_response_without_issuer_authentication_does_not_claim_gac2_skip; traceability_foundation::rtm_promotes_state_machine_annex_validation_evidence
KRN-ANNEX-003,"SHALL classify DOLs as DOL values, not constructed TLV templates.",UT-ANNEX-003,IT-ANNEX-003,N/A,traceability_foundation::tlv_catalogue_uses_required_schema_and_profile_defined_markers; dol::tests::parses_and_builds_pdol_deterministically; traceability_foundation::krn_dda_001_internal_authenticate_uses_ddol_values
KRN-ANNEX-004,"SHALL reject placeholder values, ellipses, non-hex material, dummy AIDs, dummy RIDs, and dummy CAPKs from any production or certification profile.",UT-ANNEX-004,IT-ANNEX-004,N/A,config::tests::rejects_placeholder_and_bad_hex_material; traceability_foundation::profile_loader_rejects_rollback_placeholders_and_expired_capks; traceability_foundation::scheme_profile_annex_excludes_synthetic_c8_payment_profile
KRN-ANNEX-005,SHALL contain complete cryptographic vectors. Scenario summaries are not test vectors.,UT-ANNEX-TRACE,IT-ANNEX-TRACE,N/A,oda::tests::validates_complete_vector_syntax_and_rejects_placeholders; oda::tests::certification_vector_coverage_is_method_specific; traceability_foundation::krn_odatv_001_rejects_placeholder_oda_annex_in_certification_mode; lab-supplied SDA/DDA/CDA vectors required
KRN-APDU-001,SHALL construct all APDUs according to ISO/IEC 7816-4 and EMV command-specific rules.,UT-APDU-TRACE,IT-APDU-TRACE,N/A,apdu::tests::encodes_kernel_command_apdu_matrix; apdu::tests::builds_exact_contact_pse_and_contactless_ppse_selects; apdu::tests::validates_read_record_sfi; apdu::tests::rejects_select_aids_outside_emv_length_domain; apdu::tests::rejects_command_payloads_above_short_apdu_lc_limit; apdu::tests::builds_gpo_tag_83_with_ber_long_form_length_at_boundary; apdu::tests::rejects_gpo_pdol_values_above_short_apdu_template_capacity; traceability_foundation::rtm_promotes_apdu_command_construction_evidence
KRN-APDU-002,"SHALL handle APDU response status words by command and state, not by a single global success/failure rule.",UT-APDU-002,IT-APDU-002,N/A,sw::tests::select_status_words_are_state_specific; ffi::tests::runtime_selection_uses_status_policy_for_get_response_and_invalidated_aids; ffi::tests::runtime_core_flow_resolves_gpo_record_and_gac_followups; ffi::tests::issuer_authentication_resolves_get_response_followup
KRN-APDU-003,SHALL implement at least the following status-word categories where applicable:,UT-APDU-003,IT-APDU-003,N/A,sw::tests::handles_success_and_transport_followups_before_context_rules; ffi::tests::transmit_apdu_followups_rejects_chains_above_limit; ffi::tests::runtime_selection_uses_status_policy_for_get_response_and_invalidated_aids; ffi::tests::runtime_core_flow_resolves_gpo_record_and_gac_followups; ffi::tests::issuer_authentication_resolves_get_response_followup
KRN-API-001,SHALL validate abi_version and struct_size before dereferencing optional fields.,UT-API-001,IT-API-001,N/A,traceability_foundation::krn_api_001_002_rejects_bad_abi_before_optional_fields; traceability_foundation::krn_api_001_002_004_006_runtime_callbacks_are_versioned_and_bounded
KRN-API-002,SHALL fail initialization if mandatory callbacks are absent.,UT-API-002,IT-API-002,N/A,ffi::tests::ffi_init_validates_runtime_callbacks_and_reaches_online_after_first_gac; traceability_foundation::krn_api_001_002_rejects_bad_abi_before_optional_fields; traceability_foundation::krn_api_001_002_004_006_runtime_callbacks_are_versioned_and_bounded
KRN-API-003,SHALL define every amount in minor units and SHALL bind currency exponent handling to terminal/acquirer configuration.,UT-API-TRACE,IT-API-TRACE,N/A,ffi::tests::transaction_params_bind_minor_units_to_currency_exponent; traceability_foundation::rtm_promotes_api_abi_and_callback_validation_evidence; traceability_foundation::tlv_catalogue_contains_required_foundation_tags
KRN-BIT-001,SHALL define all bitmaps using symbolic constants and one canonical mapping file. Implementation code SHALL NOT use unexplained raw bitmap literals.,UT-BIT-TRACE,IT-BIT-TRACE,N/A,traceability_foundation::bitmap_catalogue_defines_tvr_tsi_symbols_and_rfu_masks; traceability_foundation::implementation_uses_symbolic_bitmap_setters; traceability_foundation::rtm_promotes_bitmap_catalogue_evidence
KRN-CAPK-001,SHALL reject CAPKs whose signed configuration integrity cannot be verified.,UT-CAPK-001,IT-CAPK-001,N/A,config::tests::rejects_certification_capk_checksum_mismatch_or_metadata_drift; config::tests::rejects_invalid_capk_public_key_components; traceability_foundation::krn_sec_003_oda_001_cert_profile_loader_rejects_capk_checksum_drift; traceability_foundation::krn_capk_001_002_lookup_requires_verified_profile_integrity
KRN-CAPK-002,SHALL treat expired CAPKs as unavailable unless a lab-approved test profile explicitly requires expiry simulation.,UT-CAPK-002,IT-CAPK-002,N/A,config::tests::rejects_expired_capk; traceability_foundation::profile_loader_rejects_rollback_placeholders_and_expired_capks; traceability_foundation::krn_capk_001_002_lookup_requires_verified_profile_integrity
KRN-CERT-001,"SHALL obtain EMV Level 2 approval for every claimed interface, kernel, and scheme profile.",UT-CERT-TRACE,IT-CERT-TRACE,N/A,conformance::tests::conformance_statement_json_is_deterministic_and_scoped; provenance::tests::provenance_manifest_rejects_resource_limits; provenance::tests::provenance_manifest_rejects_ambiguous_artifact_names; traceability_foundation::lab_manifest_and_provenance_cover_reproducible_build_artifacts; traceability_foundation::krn_ref_001_conformance_statement_declares_normative_hierarchy; external EMV Level 2 approval and signed LoA required
KRN-CERT-002,SHALL not present illustrative profiles or placeholder vectors as certification evidence.,UT-CERT-TRACE,IT-CERT-TRACE,N/A,config::tests::rejects_example_profile_in_certification_or_production_mode; traceability_foundation::profile_loader_rejects_example_only_profiles_for_certification_policy; oda::tests::validates_complete_vector_syntax_and_rejects_placeholders; traceability_foundation::certification_package_rejects_illustrative_profiles_and_placeholder_vectors; traceability_foundation::rtm_promotes_certification_evidence_boundaries
KRN-CFG-001,SHALL verify digital signature before using any configuration data.,UT-CFG-001,IT-CFG-001,N/A,config::tests::rejects_unsigned_certification_profile_rollback_and_replay; traceability_foundation::profile_loader_requires_verified_signature_and_extracts_capk_tac_limits; traceability_foundation::krn_dpl_001_002_003_profile_updates_are_monotonic_and_atomic
KRN-CFG-002,"SHALL reject configurations with invalid schema, unknown mandatory fields, expired CAPKs, invalid AID encoding, invalid hex strings, non-hex key material, or invalid terminal parameter lengths.",UT-CFG-TRACE,IT-CFG-TRACE,N/A,config::tests::rejects_cfg_002_profile_schema_and_field_failures; config::tests::rejects_invalid_profile_schema_version; config::tests::rejects_profile_json_depth_limit_overflow; config::tests::rejects_profile_json_node_limit_overflow; config::tests::rejects_invalid_interface_kernel_mapping_and_duplicate_interfaces; config::tests::rejects_aids_outside_scheme_rid_namespace; config::tests::rejects_duplicate_scheme_rids; config::tests::rejects_duplicate_profile_aids_and_capk_indexes; config::tests::rejects_expired_capk; config::tests::rejects_invalid_capk_expiry_calendar_dates; config::tests::rejects_invalid_capk_public_key_components; config::tests::rejects_invalid_or_duplicate_critical_script_ins_policy; config::tests::rejects_invalid_certification_scope_boundaries; config::tests::rejects_inconsistent_contactless_limit_ordering; config::tests::rejects_oversized_transaction_type_floor_limit_profiles; ffi::tests::transaction_params_bind_minor_units_to_currency_exponent; traceability_foundation::krn_api_001_002_rejects_bad_abi_before_optional_fields; traceability_foundation::rtm_promotes_cfg_schema_and_terminal_param_evidence
KRN-CFG-003,SHALL implement rollback protection using monotonic versioning or secure counters.,UT-CFG-003,IT-CFG-003,N/A,config::tests::rejects_unsigned_certification_profile_rollback_and_replay; traceability_foundation::profile_loader_rejects_rollback_placeholders_and_expired_capks; traceability_foundation::krn_dpl_001_002_003_profile_updates_are_monotonic_and_atomic
KRN-CID-002,"SHALL preserve non-type CID bits for trace logging and scheme/profile handling, but SHALL NOT use them to change cryptogram type classification unless the licensed specification/profile requires it.",UT-CID-002,IT-CID-002,N/A,cid::tests::preserves_non_type_bits_without_changing_cryptogram_classification; krn_emv_decode::tests::cid_output_masks_type_bits_and_preserves_advice_fields; traceability_foundation::krn_cid_001_002_decodes_type_and_preserves_non_type_bits; gac::tests::builds_online_authorization_package_without_generating_cryptograms
KRN-CLESS-001,SHALL use PPSE 2PAY.SYS.DDF01 for contactless Entry Point.,UT-CLESS-001,IT-CLESS-001,N/A,apdu::tests::builds_exact_contact_pse_and_contactless_ppse_selects; traceability_foundation::krn_c8_001_002_003_uses_structured_contactless_only_outcomes
KRN-CLESS-002,SHALL return structured contactless outcome data rather than only generic approve/decline status.,UT-CLESS-002,IT-CLESS-002,N/A,c8::tests::outcome_model_preserves_structured_records_for_callback; c8::tests::outcome_model_bounds_records_and_alternate_interface_instruction; c8::tests::outcome_model_rejects_inconsistent_c8_instruction_tuples; ffi::tests::ffi_emits_structured_contactless_outcome_callback; ffi::tests::ffi_rejects_inconsistent_contactless_outcome_tuples; traceability_foundation::krn_c8_001_002_003_uses_structured_contactless_only_outcomes
KRN-CLESS-003,"SHALL evaluate contactless transaction limit, CVM limit, and floor limit using signed scheme/acquirer configuration.",UT-CLESS-003,IT-CLESS-003,N/A,c8::tests::contactless_limits_are_profile_driven_and_deterministic; config::tests::rejects_inconsistent_contactless_limit_ordering; ffi::tests::contactless_limit_processing_uses_profile_limits_and_ctq_cdcvm; traceability_foundation::krn_cless_003_limits_are_signed_profile_inputs
KRN-CLESS-004,SHALL treat CDCVM as profile-defined. The kernel SHALL NOT assume that any single tag or bit universally proves CDCVM without scheme/profile validation.,UT-CLESS-004,IT-CLESS-004,N/A,cvm::tests::contactless_scheme_specific_cdcvm_is_profile_context_driven; ffi::tests::contactless_limit_processing_uses_profile_limits_and_ctq_cdcvm; traceability_foundation::contactless_cdcvm_is_not_hardcoded_to_cvm_code_0x05
KRN-CLESS-005,"SHALL implement relay-resistance APDUs, timing constraints, and result handling only where the licensed profile requires or certifies them.",UT-CLESS-005,IT-CLESS-005,N/A,c8::tests::relay_resistance_is_profile_gated_and_deterministic; c8::tests::rejects_incomplete_relay_resistance_profiles; c8::tests::rejects_malformed_relay_resistance_command_apdus; c8::tests::rejects_relay_resistance_profiles_above_resource_limits; config::tests::parses_profile_defined_relay_resistance_policy; ffi::tests::contactless_relay_resistance_is_profile_required_and_outcome_driven
KRN-CVM-004,SHALL NOT treat CDCVM as a universal method code unless the active contactless profile explicitly defines that mapping.,UT-CVM-004,IT-CVM-004,N/A,cvm::tests::contactless_scheme_specific_cdcvm_is_profile_context_driven; ffi::tests::contactless_limit_processing_uses_profile_limits_and_ctq_cdcvm; traceability_foundation::contactless_cdcvm_is_not_hardcoded_to_cvm_code_0x05
KRN-DOL-001,"SHALL construct PDOL, CDOL1, CDOL2, DDOL, and TDOL data by resolving each requested tag from the terminal/card/kernel context and appending the exact requested length.",UT-DOL-TRACE,IT-DOL-TRACE,N/A,dol::tests::parses_and_builds_pdol_deterministically; dol::tests::parses_and_builds_tdol_deterministically; dol::tests::rejects_dol_lists_above_entry_limit; dol::tests::datastore_rejects_invalid_tags_and_resource_limits; apdu::tests::builds_gpo_with_tag_83_pdol_values; apdu::tests::builds_gpo_tag_83_with_ber_long_form_length_at_boundary; apdu::tests::rejects_gpo_pdol_values_above_short_apdu_template_capacity; apdu::tests::builds_internal_authenticate_from_ddol_values; traceability_foundation::krn_dol_001_002_builds_requested_lengths_with_explicit_padding_policy; ffi::tests::first_gac_preserves_terminal_dol_sources_after_rejected_record_tags; ffi::tests::first_gac_preserves_generated_unpredictable_number_after_rejected_record_tags
KRN-DOL-002,SHALL use zero padding or profile-defined defaults only where permitted by EMV and scheme rules.,UT-DOL-TRACE,IT-DOL-TRACE,N/A,dol::tests::zero_padding_policy_is_explicit_and_deterministic; dol::tests::exact_value_policy_rejects_missing_or_short_dol_sources; dol::tests::dol_output_cap_applies_before_padding_policy; traceability_foundation::krn_dol_001_002_builds_requested_lengths_with_explicit_padding_policy
KRN-FSM-001,SHALL implement the full transition table as a machine-readable artifact with RFC 4180 valid CSV or JSON.,UT-FSM-TRACE,IT-FSM-TRACE,N/A,fsm::tests::validates_machine_readable_state_annex; fsm::tests::host_response_without_issuer_authentication_does_not_claim_gac2_skip; traceability_foundation::krn_fsm_001_002_004_validates_annex_and_error_transitions; traceability_foundation::state_machine_annex_contains_afl_read_record_rows; traceability_foundation::state_machine_annex_contains_post_final_script_rows
KRN-FSM-002,SHALL distinguish fatal protocol errors from risk conditions. A missing mandatory tag may be fatal in one state and TVR-mediated in another only if the licensed standard permits that behavior.,UT-FSM-TRACE,IT-FSM-TRACE,N/A,fsm::tests::distinguishes_fatal_errors_from_tvr_mediated_risk_conditions; traceability_foundation::krn_fsm_001_002_004_validates_annex_and_error_transitions; traceability_foundation::processing_restrictions_mutate_only_defined_tvr_bits
KRN-FSM-003,"SHALL preserve enough context to replay a transaction deterministically for certification debugging, excluding clear PIN and excluded sensitive data.",UT-FSM-TRACE,IT-FSM-TRACE,N/A,trace::tests::replay_is_exact_order_and_evidence_is_masked; trace::tests::replay_rejects_step_count_overflow; trace::tests::replay_rejects_apdu_payloads_above_max_bytes; trace::tests::generic_response_trace_rejects_malformed_tlv_payloads; trace::tests::replay_trace_identity_records_profile_version_without_unmasking_data; traceability_foundation::deterministic_replay_matches_script_order_and_emits_masked_jsonl; traceability_foundation::prelab_apdu_trace_pack_is_replayable_masked_and_scoped
KRN-FSM-004,"SHALL process card removal, APDU timeout, host timeout, and callback failure through explicitly documented transitions.",UT-FSM-TRACE,IT-FSM-TRACE,N/A,fsm::tests::asynchronous_failures_are_explicit_error_transitions; traceability_foundation::krn_fsm_001_002_004_validates_annex_and_error_transitions; traceability_foundation::krn_api_007_err_002_preserves_callback_error_codes_fail_closed
KRN-GAC-001,SHALL construct CDOL1 and CDOL2 data exactly from the active DOL definition.,UT-GAC-TRACE,IT-GAC-TRACE,N/A,traceability_foundation::krn_gac_001_gac1_002_cdol_data_matches_active_dol_definitions; dol::tests::exact_value_policy_truncates_long_values_to_requested_length; dol::tests::exact_value_policy_rejects_missing_or_short_dol_sources; ffi::tests::first_gac_rejects_missing_cdol1_source_without_zero_padding; ffi::tests::final_gac_rejects_missing_cdol2_source_without_zero_padding
KRN-GAC-002,"SHALL encode requested cryptogram type using 0x00, 0x40, or 0x80 request bits, plus only licensed/profile-defined lower-bit flags.",UT-GAC-TRACE,IT-GAC-TRACE,N/A,apdu::tests::encodes_generate_ac_type_bits_without_cda_collision; traceability_foundation::krn_gac_008_009_cda_control_never_changes_type_bits; traceability_foundation::krn_gac_001_gac1_002_cdol_data_matches_active_dol_definitions
KRN-GAC-003,"SHALL NOT use 0x80 as a ""first GENERATE AC flag.""",UT-GAC-TRACE,IT-GAC-TRACE,N/A,apdu::tests::encodes_generate_ac_type_bits_without_cda_collision; traceability_foundation::krn_gac_008_009_cda_control_never_changes_type_bits
KRN-GAC-004,"SHALL parse returned CID by CID & 0xC0 and shall parse AC, ATC, IAD, and any response template data according to EMV/profile rules.",UT-GAC-TRACE,IT-GAC-TRACE,N/A,gac::tests::parses_generate_ac_format_1_template_80; gac::tests::parses_generate_ac_format_2_template_77; gac::tests::rejects_generate_ac_issuer_application_data_above_emv_bound; gac::tests::rejects_generate_ac_without_single_supported_response_template; gac::tests::rejects_nested_or_duplicate_generate_ac_format_2_data; gac::tests::rejects_malformed_dynamic_authentication_data_in_gac_response; cid::tests::decodes_cryptogram_type_with_0xc0_mask; krn_emv_decode::tests::gac_response_output_parses_without_exposing_values; traceability_foundation::gac_parsing_uses_card_returned_cryptogram_for_online_handoff
KRN-GAC1-001,"SHALL build CDOL1 from tag 8C where present, or from profile-defined defaults where permitted.",UT-GAC1-TRACE,IT-GAC1-TRACE,N/A,ffi::tests::first_gac_uses_profile_default_cdol1_when_card_omits_8c; config::tests::rejects_malformed_default_cdol1; traceability_foundation::rtm_promotes_gac_cdol_encoding_and_response_evidence
KRN-GAC1-002,"SHALL include the unpredictable number, TVR, transaction amount, date, type, terminal country, CVM results, and other requested data exactly as CDOL1 requires.",UT-GAC1-TRACE,IT-GAC1-TRACE,N/A,traceability_foundation::krn_gac_001_gac1_002_cdol_data_matches_active_dol_definitions; traceability_foundation::krn_dol_001_002_builds_requested_lengths_with_explicit_padding_policy; ffi::tests::first_gac_preserves_terminal_dol_sources_after_rejected_record_tags; ffi::tests::first_gac_preserves_generated_unpredictable_number_after_rejected_record_tags; ffi::tests::first_gac_rejects_missing_cdol1_source_without_zero_padding
KRN-GAC1-003,"SHALL request AAC, TC, or ARQC according to TAA.",UT-GAC1-TRACE,IT-GAC1-TRACE,N/A,taa::tests::denial_action_codes_take_precedence; taa::tests::online_action_codes_request_arqc_when_online_capable; taa::tests::offline_unable_default_match_uses_profile_fallback; ffi::tests::taa_uses_terminal_type_online_capability; traceability_foundation::krn_taa_001_002_003_004_005_006_007_uses_iac_tac_order_and_profile_fallbacks
KRN-GAC1-004,SHALL parse response format 1 or 2 as permitted by the active profile.,UT-GAC1-TRACE,IT-GAC1-TRACE,N/A,gac::tests::parses_generate_ac_format_1_template_80; gac::tests::parses_generate_ac_format_2_template_77; gac::tests::rejects_generate_ac_issuer_application_data_above_emv_bound; gac::tests::rejects_generate_ac_without_single_supported_response_template; gac::tests::rejects_nested_or_duplicate_generate_ac_format_2_data; gac::tests::rejects_malformed_dynamic_authentication_data_in_gac_response; krn_emv_decode::tests::gac_response_output_parses_without_exposing_values; traceability_foundation::gac_parsing_uses_card_returned_cryptogram_for_online_handoff
KRN-GAC1-005,"SHALL if CDA was requested, verify CDA before accepting the returned cryptogram outcome.",UT-GAC1-TRACE,IT-GAC1-TRACE,N/A,gac::tests::rejects_malformed_dynamic_authentication_data_in_gac_response; ffi::tests::runtime_cda_verifies_first_gac_signed_dynamic_data; ffi::tests::runtime_cda_failure_sets_tvr_without_falling_back_to_dda; ffi::tests::runtime_cda_missing_signed_dynamic_data_sets_tvr_for_online_handoff; traceability_foundation::krn_oda_001_005_006_007_selects_method_and_sets_tvr_tsi_without_cda_fallback
KRN-INT-001,SHALL separate contact and contactless kernel selection in configuration.,UT-INT-TRACE,IT-INT-TRACE,N/A,config::tests::loads_profile_annex_when_signature_is_verified; config::tests::rejects_invalid_interface_kernel_mapping_and_duplicate_interfaces; ffi::tests::selected_kernel_mapping_is_interface_specific; traceability_foundation::rtm_promotes_interface_kernel_mapping_evidence
KRN-INT-002,SHALL NOT treat Book C-8 as a contact kernel unless a specific licensed specification and certification approval explicitly support that use.,UT-INT-TRACE,IT-INT-TRACE,N/A,config::tests::rejects_contact_kernel_type_that_reuses_c8; config::tests::rejects_invalid_interface_kernel_mapping_and_duplicate_interfaces; ffi::tests::selected_kernel_mapping_is_interface_specific; traceability_foundation::rtm_promotes_interface_kernel_mapping_evidence
KRN-INT-003,"SHOULD use Book C-8 for contactless where the product, scheme set, region, terminal class, and certification scope support C-8.",UT-INT-TRACE,IT-INT-TRACE,N/A,traceability_foundation::supported_contactless_profiles_use_c8_certification_scope; ffi::tests::selected_kernel_mapping_is_interface_specific; config::tests::rejects_contact_kernel_type_that_reuses_c8; config::tests::rejects_invalid_interface_kernel_mapping_and_duplicate_interfaces; traceability_foundation::rtm_promotes_interface_kernel_mapping_evidence
KRN-INT-004,SHALL reject a transaction if no certified kernel/profile mapping exists for the selected AID and interface.,UT-INT-TRACE,IT-INT-TRACE,N/A,ffi::tests::selected_kernel_mapping_is_interface_specific; config::tests::rejects_contact_kernel_type_that_reuses_c8; config::tests::rejects_invalid_interface_kernel_mapping_and_duplicate_interfaces; traceability_foundation::rtm_promotes_interface_kernel_mapping_evidence
KRN-LOG-002,SHALL disable full APDU logging in production unless certified support mode is enabled by policy.,UT-LOG-TRACE,IT-LOG-TRACE,N/A,trace::tests::production_policy_never_emits_full_apdu_data_even_if_misconfigured; trace::tests::replay_is_exact_order_and_evidence_is_masked; traceability_foundation::rtm_promotes_logging_policy_evidence
KRN-LOG-003,"SHALL exclude cardholder data, clear PIN, PIN block, and secret material from crash dumps.",UT-LOG-TRACE,IT-LOG-TRACE,N/A,apdu::tests::command_apdu_debug_redacts_payload_bytes; c8::tests::contactless_debug_redacts_outcome_and_relay_records; config::tests::profile_debug_redacts_capk_and_profile_material; cvm::tests::offline_pin_debug_redacts_ped_handle_values; dol::tests::datastore_debug_redacts_values_for_crash_safety; gac::tests::online_authorization_debug_redacts_cryptograms_and_card_data; issuer::tests::host_response_debug_redacts_issuer_authentication_and_scripts; oda::tests::oda_debug_redacts_recovered_authentication_material; tlv::tests::tlv_debug_redacts_parsed_values; trace::tests::production_suppresses_issuer_script_command_data; trace::tests::mask_tlv_stream_rejects_trace_field_overflow; trace::tests::apdu_trace_debug_redacts_masked_payloads_for_crash_safety; trace::tests::replay_debug_redacts_raw_apdu_bytes_for_crash_safety; trace::tests::replay_rejects_pin_verify_payload_custody; traceability_foundation::rtm_promotes_logging_policy_evidence
KRN-LOG-004,SHALL make debug builds cryptographically and operationally distinguishable from production builds.,UT-LOG-TRACE,IT-LOG-TRACE,N/A,trace::tests::replay_trace_identity_records_profile_version_without_unmasking_data; traceability_foundation::deterministic_replay_matches_script_order_and_emits_masked_jsonl; traceability_foundation::prelab_apdu_trace_pack_is_replayable_masked_and_scoped; traceability_foundation::rtm_promotes_logging_policy_evidence
KRN-ONL-001,SHALL pass online authorization data to Level 3 without performing acquirer/issuer host role.,UT-ONL-TRACE,IT-ONL-TRACE,N/A,gac::tests::builds_online_authorization_package_without_generating_cryptograms; ffi::tests::online_authorization_package_rejects_tlv_output_above_limit; ffi::tests::ffi_init_validates_runtime_callbacks_and_reaches_online_after_first_gac; traceability_foundation::rtm_promotes_online_boundary_evidence
KRN-ONL-002,"SHALL receive host response data, including authorization response code, issuer authentication data, and issuer scripts, through the Level 3 callback/API.",UT-ONL-TRACE,IT-ONL-TRACE,N/A,issuer::tests::parses_arpc_arc_and_issuer_scripts; issuer::tests::rejects_host_response_without_authorization_response_code; issuer::tests::rejects_malformed_issuer_authentication_data; issuer::tests::rejects_non_alphanumeric_authorization_response_codes; issuer::tests::rejects_malformed_authorization_codes; issuer::tests::rejects_nested_or_duplicate_host_response_auth_objects; issuer::tests::rejects_unsupported_host_response_objects; ffi::tests::apply_host_response_rejects_empty_or_oversize_payload; ffi::tests::ffi_init_validates_runtime_callbacks_and_reaches_online_after_first_gac; record::tests::rejects_host_response_record_tags_atomically; traceability_foundation::host_response_extracts_arpc_and_phase_specific_script_results; traceability_foundation::rtm_promotes_online_boundary_evidence
KRN-PERF-001,SHALL measure ODA RSA/ECC operations separately from TLV parsing and APDU overhead.,UT-PERF-TRACE,IT-PERF-TRACE,N/A,perf::tests::records_oda_crypto_tlv_and_apdu_buckets_separately; perf::tests::rejects_performance_counter_overflow; perf::tests::validates_product_performance_profile_targets; traceability_foundation::performance_profile_defines_product_targets_and_buckets; traceability_foundation::rtm_promotes_performance_profile_evidence
KRN-PERF-002,"SHALL define certification performance targets in the product profile, not in generic prose.",UT-PERF-TRACE,IT-PERF-TRACE,N/A,perf::tests::validates_product_performance_profile_targets; traceability_foundation::performance_profile_defines_product_targets_and_buckets; traceability_foundation::rtm_promotes_performance_profile_evidence
KRN-PIN-004,SHALL interpret 63 Cx from VERIFY as PIN verification warning with tries remaining and update TVR/CVM results accordingly.,UT-PIN-TRACE,IT-PIN-TRACE,N/A,sw::tests::verify_and_script_status_words_keep_their_own_meaning; cvm::tests::offline_pin_verify_status_updates_cvm_results_and_tvr_bits; traceability_foundation::krn_pin_004_verify_63cx_updates_try_counter_tvr_and_cvm_results; traceability_foundation::rtm_promotes_pin_verify_warning_evidence
KRN-PROFILE-001,"SHALL reject placeholder strings such as ..., dummy RIDs, dummy AIDs, and non-hex CAPK values in production or certification configuration.",UT-PROFILE-001,IT-PROFILE-001,N/A,config::tests::rejects_placeholder_and_bad_hex_material; traceability_foundation::profile_loader_rejects_rollback_placeholders_and_expired_capks; traceability_foundation::scheme_profile_annex_excludes_synthetic_c8_payment_profile
KRN-PROFILE-002,SHALL validate all CAPK modulus/checksum strings as hex and expected length before loading.,UT-PROFILE-002,IT-PROFILE-002,N/A,config::tests::loads_profile_annex_when_signature_is_verified; config::tests::rejects_certification_capk_checksum_mismatch_or_metadata_drift; config::tests::rejects_invalid_capk_public_key_components; traceability_foundation::krn_sec_003_oda_002_capks_retain_signed_public_provenance
KRN-REST-001,SHALL evaluate processing restrictions in the order required by EMV and scheme profile.,UT-REST-TRACE,IT-REST-TRACE,N/A,restrictions::tests::parses_valid_bcd_dates_and_rejects_invalid_values; restrictions::tests::restriction_checks_follow_emv_order_and_use_standard_tvr_bits; restrictions::tests::evaluates_version_dates_auc_and_new_card_bits; traceability_foundation::processing_restrictions_mutate_only_defined_tvr_bits; traceability_foundation::rtm_promotes_processing_restriction_evidence
KRN-REST-002,SHALL NOT create non-standard TVR bits for currency mismatch or service mismatch. The implementation shall express such conditions using the EMV-defined AUC/service/version/date conditions or profile-defined terminal decision inputs.,UT-REST-TRACE,IT-REST-TRACE,N/A,restrictions::tests::auc_enforces_terminal_channel_and_region_specific_cashback_bits; restrictions::tests::does_not_set_non_standard_bits_for_allowed_transaction; restrictions::tests::restriction_checks_follow_emv_order_and_use_standard_tvr_bits; traceability_foundation::processing_restrictions_mutate_only_defined_tvr_bits; traceability_foundation::rtm_promotes_processing_restriction_evidence
KRN-SEL-002,SHALL use 2PAY.SYS.DDF01 for contactless PPSE selection.,UT-SEL-002,IT-SEL-002,N/A,apdu::tests::builds_exact_contact_pse_and_contactless_ppse_selects; selection::tests::extracts_candidate_aids_from_directory_fci; selection::tests::rejects_duplicate_adf_names_in_directory_entries; selection::tests::rejects_duplicate_adf_names_across_directory_entries; selection::tests::rejects_candidate_aid_lists_above_limit; selection::tests::partial_selection_retains_all_matching_card_adf_names; selection::tests::rejects_duplicate_card_candidates_before_profile_matching; traceability_foundation::krn_sel_001_exact_pse_ppse_apdus_are_stable; traceability_foundation::krn_sel_001_002_003_parses_candidates_and_matches_signed_profiles; ffi::tests::ffi_builds_select_into_caller_buffer
KRN-SEL-003,"SHALL support direct AID selection when PSE/PPSE is absent, unsupported, or profile rules require direct selection.",UT-SEL-003,IT-SEL-003,N/A,selection::tests::direct_candidates_are_sorted_by_signed_profile_priority; selection::tests::rejects_direct_profile_candidates_above_limit; ffi::tests::runtime_selection_uses_status_policy_for_get_response_and_invalidated_aids
KRN-TAA-001,SHALL evaluate denial before online approval requests.,UT-TAA-001,IT-TAA-001,N/A,taa::tests::denial_action_codes_take_precedence; traceability_foundation::krn_taa_001_002_003_004_005_006_007_uses_iac_tac_order_and_profile_fallbacks
KRN-TAA-002,SHALL include IAC values in TAA whenever available or required by the application/profile.,UT-TAA-002,IT-TAA-002,N/A,config::tests::loads_profile_issuer_action_code_fallbacks; taa::tests::iac_values_participate_in_denial_online_and_default_decisions; ffi::tests::taa_offline_final_state_finishes_from_s16; ffi::tests::taa_uses_profile_iac_fallbacks_when_card_omits_iacs; ffi::tests::card_iac_tags_override_profile_fallbacks; traceability_foundation::krn_taa_001_002_003_004_005_006_007_uses_iac_tac_order_and_profile_fallbacks
KRN-TAA-003,SHALL NOT allow an unconstrained configuration field such as default_cryptogram to override EMV or scheme rules.,UT-TAA-003,IT-TAA-003,N/A,taa::tests::invalid_profile_combinations_are_rejected; taa::tests::no_match_defaults_are_profile_driven; traceability_foundation::krn_taa_001_002_003_004_005_006_007_uses_iac_tac_order_and_profile_fallbacks
KRN-TLV-001,SHALL parse primitive and constructed BER-TLV objects according to EMV and ISO/IEC 7816-4 rules.,UT-TLV-001,IT-TLV-001,N/A,tlv::tests::parses_nested_fci_template; tlv::tests::finds_unique_direct_values_without_descending; traceability_foundation::tlv_parser_is_deterministic_for_valid_and_truncated_inputs
KRN-TLV-002,"SHALL parse DOLs as tag-length sequences, not as constructed TLV templates.",UT-TLV-002,IT-TLV-002,N/A,dol::tests::parses_and_builds_pdol_deterministically; traceability_foundation::krn_dda_001_internal_authenticate_uses_ddol_values; traceability_foundation::tlv_catalogue_uses_required_schema_and_profile_defined_markers
KRN-TLV-003,"SHALL reject malformed tags, unsupported indefinite length encoding, lengths exceeding configured maxima, truncated values, or invalid nested templates.",UT-TLV-003,IT-TLV-003,N/A,tlv::tests::rejects_indefinite_lengths_for_fuzzability; tlv::tests::rejects_non_minimal_long_form_lengths; tlv::tests::rejects_invalid_tag_field_bytes; dol::tests::rejects_invalid_tag_field_bytes; tlv::tests::rejects_zero_prefixed_high_tag_numbers; dol::tests::rejects_zero_prefixed_high_tag_numbers; tlv::tests::rejects_overlong_tags_and_configured_value_length_overflow; tlv::tests::rejects_tlv_node_limit_overflow; tlv::tests::rejects_tlv_depth_limit_overflow; tlv::tests::rejects_truncated_values_without_panicking; traceability_foundation::tlv_parser_is_deterministic_for_valid_and_truncated_inputs
KRN-TLV-004,"SHALL maintain a machine-readable TLV catalogue with columns: tag, name, type, length rule, source, interface applicability, scheme applicability, presence rule, sensitive-data classification, and test IDs.",UT-TLV-004,IT-TLV-004,N/A,traceability_foundation::tlv_catalogue_uses_required_schema_and_profile_defined_markers; traceability_foundation::tlv_catalogue_contains_required_foundation_tags
KRN-TLV-005,"SHALL mark scheme-specific, proprietary, and RFU tags as PROFILE-DEFINED and shall not assign invented semantics.",UT-TLV-005,IT-TLV-005,N/A,traceability_foundation::tlv_catalogue_uses_required_schema_and_profile_defined_markers
KRN-TLV-006,"SHALL admit card-originated AFL record TLVs only from direct primitive Template 70 children and shall reject terminal-owned, kernel-owned, or host-response-owned tags without partially updating the transaction data store.",UT-TLV-006,IT-TLV-006,N/A,record::tests::rejects_duplicate_record_data_without_partial_store; record::tests::rejects_conflicting_record_data_rewrite_without_partial_store; record::tests::accepts_repeated_record_data_when_value_is_identical; record::tests::rejects_nested_record_data_without_partial_store; record::tests::rejects_terminal_owned_record_data_without_partial_store; record::tests::rejects_all_terminal_or_kernel_record_tags_atomically; record::tests::rejects_host_response_record_tags_atomically; ffi::tests::first_gac_preserves_terminal_dol_sources_after_rejected_record_tags; ffi::tests::first_gac_preserves_generated_unpredictable_number_after_rejected_record_tags
KRN-TRM-001,SHALL implement floor-limit checking per profile and transaction type.,UT-TRM-TRACE,IT-TRM-TRACE,N/A,trm::tests::evaluates_floor_exception_velocity_random_and_merchant_bits; trm::tests::floor_limit_uses_transaction_type_profile_override; config::tests::loads_profile_annex_when_signature_is_verified; config::tests::rejects_cfg_002_profile_schema_and_field_failures; config::tests::rejects_oversized_transaction_type_floor_limit_profiles; traceability_foundation::trm_sets_floor_random_velocity_exception_and_tsi_bits; ffi::tests::ffi_init_validates_runtime_callbacks_and_reaches_online_after_first_gac
KRN-TRM-002,SHALL implement random transaction selection only according to EMV/profile rules. The algorithm and parameters shall be certified as part of the profile.,UT-TRM-TRACE,IT-TRM-TRACE,N/A,trm::tests::random_selection_is_deterministic_from_external_sample; trm::tests::rejects_invalid_profile_percent; trm::tests::rejects_out_of_range_random_selection_sample; ffi::krn_set_trm_random_selection_sample; ffi::tests::trm_random_selection_sample_drives_online_handoff; traceability_foundation::trm_sets_floor_random_velocity_exception_and_tsi_bits
KRN-TRM-003,SHALL maintain offline counters only in non-volatile storage where the active scheme/profile requires terminal-maintained counters.,UT-TRM-TRACE,IT-TRM-TRACE,N/A,trm::tests::requires_nonvolatile_offline_counter_when_velocity_limits_are_active; traceability_foundation::trm_003_requires_nonvolatile_counter_for_velocity_limits; ffi::krn_set_nonvolatile_offline_counter; traceability_foundation::rtm_promotes_nonvolatile_offline_counter_evidence
KRN-TRM-004,SHALL set TSI terminal risk management performed when TRM has executed.,UT-TRM-TRACE,IT-TRM-TRACE,N/A,trm::tests::evaluates_floor_exception_velocity_random_and_merchant_bits; traceability_foundation::trm_sets_floor_random_velocity_exception_and_tsi_bits; ffi::tests::ffi_init_validates_runtime_callbacks_and_reaches_online_after_first_gac
KRN-TSI-002,SHALL set TSI bits only after the corresponding function has actually been performed.,UT-TSI-TRACE,IT-TSI-TRACE,N/A,traceability_foundation::tsi_bits_are_set_only_after_corresponding_processing; traceability_foundation::rtm_promotes_tsi_phase_gating_evidence; ffi::tests::ffi_init_validates_runtime_callbacks_and_reaches_online_after_first_gac; ffi::tests::issuer_authentication_failure_sets_tvr_and_reaches_scripts; ffi::tests::issuer_script_noncritical_failure_sets_phase_tvr_and_reaches_final
